review_id,source,store_id,store_name,store_city,rating,text,language,date,sport_category,collected_at,bert_label,bert_score,sentiment_label,sentiment_score
gp_4b63a765-4a4d-4dc2-91c2-5fa7e594fe72,google_play,app_br,Decathlon App (Brasil),Brasil,1.0,"A minha compra nunca chegou, ainda tô tentando resolver, péssima experiência.",pt,2026-05-15T09:03:46,other,2026-05-17T17:00:20.738751,negative,-1.0,negative,-1.0
gp_270ae823-4742-4dcd-b102-0023b8959f0f,google_play,app_br,Decathlon App (Brasil),Brasil,3.0,meio lento. Buga as imagens,pt,2026-05-14T22:59:17,other,2026-05-17T17:00:20.738755,negative,-0.5,negative,-0.5
gp_088b0bc4-61c9-43ac-a65a-bc4ee5483aa3,google_play,app_br,Decathlon App (Brasil),Brasil,1.0,"Cuidado na compras de calçados, eles removem a caixa original e enviam em um saco, no app essa informação não aparece. Somente quando acessamos pelo Navegador é possível ver essa informação.",pt,2026-05-14T10:19:23,other,2026-05-17T17:00:20.738758,negative,-1.0,negative,-1.0
gp_7a5af46a-acc2-44bd-bd8f-8acf2e293910,google_play,app_br,Decathlon App (Brasil),Brasil,5.0,"app prático, mas em alguns momentos ainda buga.",pt,2026-05-13T22:26:49,other,2026-05-17T17:00:20.738760,neutral,0.0,neutral,0.0
gp_2e8ba581-5b20-4e37-bb3a-6e27bc7ae1d5,google_play,app_br,Decathlon App (Brasil),Brasil,5.0,o app funciona melhor que o telefone e o atendimento fisico,pt,2026-05-13T16:28:00,other,2026-05-17T17:00:20.738761,positive,1.0,positive,1.0
gp_a452777d-0429-4b23-8650-25e1c33b93e2,google_play,app_br,Decathlon App (Brasil),Brasil,5.0,"aqui no Brasil não usei.Na Alemanha 100% funcional, funcionários respeitosos, educados adorei",pt,2026-05-13T13:49:27,other,2026-05-17T17:00:20.738763,positive,1.0,positive,1.0
gp_65fe5d5e-e9fa-4d39-a5a3-04a505ef73a4,google_play,app_br,Decathlon App (Brasil),Brasil,5.0,super qualidade,pt,2026-05-13T10:10:50,other,2026-05-17T17:00:20.738765,positive,1.0,positive,1.0
gp_d61e6e30-de0c-4007-8efe-5e4422e7b2de,google_play,app_br,Decathlon App (Brasil),Brasil,1.0,"Demorei 3 dias para conseguir concluir a compra. O cashback so poderia ser utilizado se a compra fosse feita pelo app e o QrCode so poderia ser gerado apos o pagamento(ironico)... consegui pagar, mas o cashbak ficou para tras.",pt,2026-05-12T13:41:45,other,2026-05-17T17:00:20.738767,negative,-1.0,negative,-1.0
gp_2b0a91d5-7e10-4b6c-8cca-2b18f47d033f,google_play,app_br,Decathlon App (Brasil),Brasil,1.0,"Pior experiência de compra digital que já tive em toda vida! Aplicativo lento, com bug e não permite finalizar compra. Fazer a compra pelo computador é impossível, pois não permite avançar para pagamento (Tentativa em 3 dispositivos diferentes). Pra fechar com chave de ouro atendimento que não resolve nada, fica mandando limpar cache e reinstalar o App.",pt,2026-05-12T11:25:52,other,2026-05-17T17:00:20.738768,negative,-1.0,negative,-1.0
gp_f69ab957-9a95-43d8-aa5d-89269c1bd503,google_play,app_br,Decathlon App (Brasil),Brasil,5.0,Excelente aplicativo. Rápido. Fácil. Intuitivo.,pt,2026-05-12T11:24:11,other,2026-05-17T17:00:20.738770,positive,1.0,positive,1.0
gp_a6618d7e-00bb-418e-844c-bf9b731375a2,google_play,app_br,Decathlon App (Brasil),Brasil,5.0,Sempre surpreende!,pt,2026-05-11T22:22:37,other,2026-05-17T17:00:20.738771,positive,1.0,positive,1.0
gp_8bfb118f-6a04-43be-80a9-e15bc95a88e7,google_play,app_br,Decathlon App (Brasil),Brasil,5.0,A navegação do site ainda precisa melhorar. No geral é uma excelente loja.,pt,2026-05-11T21:54:58,other,2026-05-17T17:00:20.738773,positive,0.5,positive,0.5
gp_a02062ae-8235-4fe3-906b-0be9f5b75581,google_play,app_br,Decathlon App (Brasil),Brasil,1.0,"app horrível. O cashback sumiu, não tem suporte.",pt,2026-05-11T16:30:09,other,2026-05-17T17:00:20.738774,negative,-1.0,negative,-1.0
gp_8dcab601-9c37-464b-a423-d005fb81481b,google_play,app_br,Decathlon App (Brasil),Brasil,1.0,"aplicativo ruim, site ruim e empresa ruim. não queira depender do atendimento deles",pt,2026-05-11T09:56:47,other,2026-05-17T17:00:20.738776,negative,-0.5,negative,-0.5
gp_dc206156-33a3-418d-9645-ba7b619e1540,google_play,app_br,Decathlon App (Brasil),Brasil,1.0,"Péssimo, não consigo finalizar a compra, no Pix ou no cartão. isto é um absurdo uma loja mundial, a pessoa não consegue finalizar o pedido. Mesmo no site estou tendo o mesmo problema. Tenho que ir na loja física 🤔🤔😤😤",pt,2026-05-10T12:31:05,other,2026-05-17T17:00:20.738777,negative,-1.0,negative,-1.0
gp_9b681179-b165-4fb5-8582-3fab2f53021b,google_play,app_br,Decathlon App (Brasil),Brasil,1.0,Esse app é péssimo. Estou há um tempão tentando pagar pelo pix para ganhar o desconto e não estou conseguindo. Só dá erro.,pt,2026-05-10T10:11:12,other,2026-05-17T17:00:20.738779,negative,-1.0,negative,-1.0
gp_a8d27610-2899-42fd-98f9-58d3cc502b97,google_play,app_br,Decathlon App (Brasil),Brasil,5.0,decathlon é uma marca de grife. decathlon é bom demais,pt,2026-05-09T21:51:54,other,2026-05-17T17:00:20.738780,neutral,0.0,neutral,0.0
gp_2c9ee5b5-b05c-48b2-a21e-7d7e56b61ce4,google_play,app_br,Decathlon App (Brasil),Brasil,1.0,lixo de transportadora jadlog que vocês usam entregaram pra não sei quem o meu pedido e o suporte desta empresa não existe.,pt,2026-05-09T21:35:45,other,2026-05-17T17:00:20.738782,negative,-1.0,negative,-1.0
gp_2abeaded-79ed-4044-bbf7-db447c0939df,google_play,app_br,Decathlon App (Brasil),Brasil,5.0,Sensacional,pt,2026-05-07T22:06:35,other,2026-05-17T17:00:20.738784,positive,1.0,positive,1.0
gp_81720685-1d7f-4222-b5b4-ee228b131dbc,google_play,app_br,Decathlon App (Brasil),Brasil,1.0,"Olha, de verdade tá difícil, os produtos são fora de sério, mas que enrolação pra fazer uma devolução, isso que entrei pra fazer troca ainda, já tão fazendo quase dez dias que receberam a devolução e ainda não liberaram o dinheiro pra eu fazer a nova compra. o Whatsapp não atende, o e-mail não responde, to P da vida com isso.",pt,2026-05-06T16:53:12,other,2026-05-17T17:00:20.738785,negative,-1.0,negative,-1.0
gp_8557e6b3-0f20-48c6-9352-a137d5364bf6,google_play,app_br,Decathlon App (Brasil),Brasil,1.0,não é possível fazer compras pelo app. só dá erro.,pt,2026-05-06T15:37:34,other,2026-05-17T17:00:20.738786,negative,-1.0,negative,-1.0
gp_4e88c80a-8959-42ab-8061-915ea3a4b33c,google_play,app_br,Decathlon App (Brasil),Brasil,5.0,boms produtos e b om preço,pt,2026-05-06T11:19:36,other,2026-05-17T17:00:20.738788,positive,0.5,positive,0.5
gp_ce86024d-48ab-48eb-9b52-1f1411333c76,google_play,app_br,Decathlon App (Brasil),Brasil,5.0,"Aplicativo muito bom para pesquisas sobre produtos esportivos, não botava fé no app mas me surpreendeu, Parabéns Decathlon😊😊👏",pt,2026-05-04T18:59:28,other,2026-05-17T17:00:20.738789,positive,0.5,positive,0.5
gp_a1f3f92f-3db6-474e-bc6f-d460e92afa42,google_play,app_br,Decathlon App (Brasil),Brasil,1.0,Como compro a mesa de pebolim??????N liga para a 1 estrela pq é minha primeira vez,pt,2026-04-30T05:52:50,other,2026-05-17T17:00:20.738791,negative,-1.0,negative,-1.0
gp_8b040116-c1ae-4dd5-b4ed-fec14fe3fd2c,google_play,app_br,Decathlon App (Brasil),Brasil,5.0,"Acho muito diversificado as opções para presente, pelo site.",pt,2026-04-28T14:04:14,other,2026-05-17T17:00:20.738792,positive,0.5,positive,0.5
gp_3c1ba052-cf00-4fb0-afdc-de8e122bbc69,google_play,app_br,Decathlon App (Brasil),Brasil,5.0,1 vez tenho visto falarem bem,pt,2026-04-26T07:10:22,other,2026-05-17T17:00:20.738794,positive,1.0,positive,1.0
gp_a5a40173-3c30-482b-83b1-a72a5a1c2aae,google_play,app_br,Decathlon App (Brasil),Brasil,4.0,"muito bom, faltando a opção de:(obs) na entrega pra descrever: pode deixar no vizinho, pode deixar na janela ou jogar dentro da garagem e tirar uma foto!",pt,2026-04-24T09:24:41,other,2026-05-17T17:00:20.738795,positive,0.5,positive,0.5
gp_22dbdb79-b8df-484f-8a85-a5691f4611cd,google_play,app_br,Decathlon App (Brasil),Brasil,2.0,e muito bom tá ok mas fi ver um tênis muitos só tem um par rou dois e não agrupado por marca e nas vitaminas não tá muito moderno só marca que é meior simples; olhando bem tem que melhorar um pouco muitissimo obrigado,pt,2026-04-22T15:51:24,other,2026-05-17T17:00:20.738797,neutral,0.0,neutral,0.0
gp_9fbed7c4-b8e3-4f3d-9ad8-224469c6bb9a,google_play,app_br,Decathlon App (Brasil),Brasil,1.0,"Já faz uma semana que baixei o app, não consegui ver nenhum produto, todos sem imagens, vc acessa a categoria (por exemplo Masculino-Tenis) e aparecem coisas totalmente diferentes, tipo Camisola Feminina, e tudo sem imagem, muito ruim, quem é que compra assim? o Site tbm a mesma coisa, procura alguma coisa pelas categorias utilizando os filtros de pesquisa e aparece coisas aleatórias nada a ver, pesquisei tênis casual masculino e só aparece sandália feminina, bolsa, acessórios..",pt,2026-04-22T11:03:35,other,2026-05-17T17:00:20.738798,negative,-1.0,negative,-1.0
gp_394ecfde-140f-476a-8c78-39d081f96c07,google_play,app_br,Decathlon App (Brasil),Brasil,3.0,minha experiência foi muito boa na hora da compra mas não tinha opções mais acessíveis de pagamento exemplo: pix. Mas a loja é boa para pesquisas mas tem poucos conteúdos de certos assuntos. E na hora de receber meu pedido o pedido está atrasado para um caramba e precisei cancelar espero que a loja melhore pois vejo muito potencial desperdiçado em um app com sistema de entrega tão ruim,pt,2026-04-21T20:37:25,other,2026-05-17T17:00:20.738800,negative,-0.5,negative,-0.5
gp_aac33817-b8bb-4806-ad65-ee3e7b398632,google_play,app_br,Decathlon App (Brasil),Brasil,1.0,Extravio na transportadora Loggi na primeira compra que fiz pelo app. Deplorável!,pt,2026-04-21T10:40:37,other,2026-05-17T17:00:20.738801,negative,-1.0,negative,-1.0
gp_a1e78da5-1715-492b-b75b-60f9853eab8c,google_play,app_br,Decathlon App (Brasil),Brasil,5.0,"Gosto de comprar, produtos de ótima qualidade e rápida entrega, muito bom!",pt,2026-04-21T00:55:13,other,2026-05-17T17:00:20.738802,positive,1.0,positive,1.0
gp_565b5640-9736-4306-bf78-767475a4a22b,google_play,app_br,Decathlon App (Brasil),Brasil,4.0,"não me deram o desconto das bermudas,que chato isso pelo Sait",pt,2026-04-20T17:05:09,other,2026-05-17T17:00:20.738804,negative,-1.0,negative,-1.0
gp_414a0b46-8498-4f6a-8808-608f5fc207f1,google_play,app_br,Decathlon App (Brasil),Brasil,1.0,"nao consigo fazer compra. o app tenta fazer verificação de robo, mas nao consigo clicar em nada. horrível e nao recomendo. melhorem",pt,2026-04-19T22:11:04,other,2026-05-17T17:00:20.738805,negative,-1.0,negative,-1.0
gp_61820e4a-9559-4712-ab7c-94f86c355758,google_play,app_br,Decathlon App (Brasil),Brasil,1.0,O app não é fluido e existem produtos não disponíveis para o CEP.,pt,2026-04-19T20:39:31,other,2026-05-17T17:00:20.738807,negative,-1.0,negative,-1.0
gp_ca0d48c1-0de7-4d32-813d-1b0572d1bc16,google_play,app_br,Decathlon App (Brasil),Brasil,1.0,capthcah de imagens bugado irritante demais,pt,2026-04-19T18:25:35,other,2026-05-17T17:00:20.738808,negative,-1.0,negative,-1.0
gp_ad59acc0-48e5-4dda-ac4f-7c1a58679cfa,google_play,app_br,Decathlon App (Brasil),Brasil,1.0,"adoro a Decathon mas o aplicativo é meio bugado. Não tem por exemplo a opção para pagar no pix, apesar de ter produtos com desconto no pix",pt,2026-04-19T15:23:52,other,2026-05-17T17:00:20.738809,neutral,0.0,neutral,0.0
gp_10ab5a4f-4d84-4d57-b555-beafc3b073fa,google_play,app_br,Decathlon App (Brasil),Brasil,5.0,praticamente super indico amei,pt,2026-04-19T12:46:52,other,2026-05-17T17:00:20.738811,positive,1.0,positive,1.0
gp_e08dcec9-4ad6-45d9-8a39-d7aaecf4c965,google_play,app_br,Decathlon App (Brasil),Brasil,4.0,"Mesmo estando no nível Premium e comprando acima do valor estipulado para frete grátis, continuo pagando frete e não ganhei o desconto de aniversário pq o sistema não deixa registrar a data. Os produtos são de qualidade, os descontos não.",pt,2026-04-19T12:20:44,other,2026-05-17T17:00:20.738812,negative,-1.0,negative,-1.0
gp_258f333d-46d1-4723-ae8e-86d9075e3490,google_play,app_br,Decathlon App (Brasil),Brasil,1.0,"não consigo finalizar a compra, quando seleciono para finalizar, vai para o ""não sou um robo"" e não da pra selecionar ...",pt,2026-04-19T11:18:27,other,2026-05-17T17:00:20.738814,negative,-1.0,negative,-1.0
gp_33652184-9703-4610-8fcf-cfe73a2a811f,google_play,app_br,Decathlon App (Brasil),Brasil,1.0,"nao consigo finalizar minha compra, app muito ruin instável",pt,2026-04-19T00:34:00,other,2026-05-17T17:00:20.738815,negative,-1.0,negative,-1.0
gp_1c734bbb-839f-4a0f-944e-38cf204cc3b7,google_play,app_es,Decathlon App (Espanha),Espanha,1.0,llevo meses poniendo reseñas de los artículos comprados y no dais los puntos que decís,es,2026-05-16T06:53:11,other,2026-05-17T17:00:23.831158,neutral,0.0,neutral,0.0
gp_a11f36f1-6454-4a7d-b4ba-ef0cb64a813e,google_play,app_es,Decathlon App (Espanha),Espanha,1.0,Ya no es compatible con tu dispositivo.,es,2026-05-15T09:48:10,other,2026-05-17T17:00:23.831161,negative,-1.0,negative,-1.0
gp_b2962ab3-cce1-45fa-849b-dd5fecbd3b35,google_play,app_es,Decathlon App (Espanha),Espanha,5.0,MUY BUENA APP,es,2026-05-14T19:07:18,other,2026-05-17T17:00:23.831163,positive,1.0,positive,1.0
gp_454ecd7e-3428-400b-9607-87dd15c8089b,google_play,app_es,Decathlon App (Espanha),Espanha,2.0,"Creeo que Decathlon en cuanto a la función de ofrecer puntos por hacer tanto tiempo de deporte o ejercicio debería de poder integrar nuevos descuentos y bonos interesantes como premios para cosas que a la gente le sería más motivador y útil sudar el esfuerzo y la pasión por hacer deporte, por ejemplo podrían ofrecer descuentos notables y días gratuitos de prueba para acudir a gimnasios de tu ciudad, descuentos en reparaciones y arreglos para bicicletas, patinetes eléctricos, y otras cosas.",es,2026-05-14T15:21:13,other,2026-05-17T17:00:23.831165,positive,0.5,positive,0.5
gp_a18d1b64-838e-4c81-920d-b97e9dc6e21e,google_play,app_es,Decathlon App (Espanha),Espanha,5.0,no me deja iniciar sesión. se queda dando vueltas como cargando mucho tiempo,es,2026-05-13T20:03:43,other,2026-05-17T17:00:23.831166,negative,-1.0,negative,-1.0
gp_cfbd10c1-58b4-4327-bcd8-0f36fd25280d,google_play,app_es,Decathlon App (Espanha),Espanha,5.0,"Excelente tienda deportiva, mucha variedad y buenos precios",es,2026-05-13T18:23:30,other,2026-05-17T17:00:23.831168,positive,1.0,positive,1.0
gp_fd6cb93d-85a0-4d66-ba6f-7f8940b62751,google_play,app_es,Decathlon App (Espanha),Espanha,3.0,En la app no se visualiza opciones de pago para agregar tarjeta de regalo.,es,2026-05-13T18:19:54,other,2026-05-17T17:00:23.831169,negative,-1.0,negative,-1.0
gp_eb4d7563-85a5-463c-810c-e2b33e88bbe0,google_play,app_es,Decathlon App (Espanha),Espanha,5.0,Excelente 👌,es,2026-05-13T03:18:31,other,2026-05-17T17:00:23.831171,positive,1.0,positive,1.0
gp_5df7bee2-7522-4640-bc32-4b043355b9ba,google_play,app_es,Decathlon App (Espanha),Espanha,5.0,muy buena app. es útil saber que tienen en la tienda antes de ir,es,2026-05-10T18:34:20,other,2026-05-17T17:00:23.831172,positive,1.0,positive,1.0
gp_9d5409f5-b157-4f11-9791-91249f0406e5,google_play,app_es,Decathlon App (Espanha),Espanha,1.0,La última actuación es pésima. Los filtros de las búsquedas no funcionan bien (ej: con filtro ropa de mujer salen bermudas de hombre) y al añadir deportes en mi perfil salen en francés...,es,2026-05-10T15:18:31,other,2026-05-17T17:00:23.831174,negative,-1.0,negative,-1.0
gp_970218a3-5c95-43d3-9387-e909a980f317,google_play,app_es,Decathlon App (Espanha),Espanha,1.0,"No puedo pagar en android, manda siempre error al quierer seleccionar forma de pago",es,2026-05-09T21:14:25,other,2026-05-17T17:00:23.831175,negative,-1.0,negative,-1.0
gp_f05974e6-073d-44a1-ab16-28b6acfde9c8,google_play,app_es,Decathlon App (Espanha),Espanha,5.0,la app es bu3na. tienen programas para acumular puntos y es excelente.,es,2026-05-09T17:19:36,other,2026-05-17T17:00:23.831177,positive,1.0,positive,1.0
gp_b6698f47-5744-47bb-80d8-7d4dd30f879e,google_play,app_es,Decathlon App (Espanha),Espanha,4.0,buen servicio 👍,es,2026-05-09T14:42:41,other,2026-05-17T17:00:23.831178,positive,1.0,positive,1.0
gp_f82a0bc1-0757-441a-ab36-0e66769c624b,google_play,app_es,Decathlon App (Espanha),Espanha,2.0,"fatal, en cada actualización, tienes que volver a ingresar usuario y contraseña. será que las demás aplicaciones no se actualizan sin tantos problemas.",es,2026-05-09T10:57:07,other,2026-05-17T17:00:23.831180,negative,-1.0,negative,-1.0
gp_b8a4a2d2-de3f-4ff8-90bd-4ee202515798,google_play,app_es,Decathlon App (Espanha),Espanha,1.0,No se abre,es,2026-05-07T15:06:32,other,2026-05-17T17:00:23.831181,negative,-1.0,negative,-1.0
gp_3fcc76af-ada7-4990-8771-4f425c1b89df,google_play,app_es,Decathlon App (Espanha),Espanha,2.0,No me deja publicar opiniones de lo comprado.,es,2026-05-06T17:20:36,other,2026-05-17T17:00:23.831183,negative,-1.0,negative,-1.0
gp_1a509a4d-a01a-445e-9e6e-af0affc5a1f9,google_play,app_es,Decathlon App (Espanha),Espanha,5.0,tiene todo muy completo,es,2026-05-05T15:43:49,other,2026-05-17T17:00:23.831185,positive,1.0,positive,1.0
gp_fbbe43ae-6129-4503-bef0-1a0132af9597,google_play,app_es,Decathlon App (Espanha),Espanha,1.0,"Hice un pedido y tardaron más de lo debido para enviarlo. Aparte de eso, lo entregan a una empresa de transporte que ni ellos mismos se conocen. ""Paack"" Estaba en casa, y JAMÁS!, siquiera tocaron el timbre para darme mi pedido. A lo que llamo a Decathlon y nadie me da razón de nada sólo que mi pedido está siendo devuelto porque ""nadie estaba en casa"" y por ""dirección equivocada"". Ni siquiera me llamaron. No sabían ni quién tenía el pedido. No sé por qué trabajan con empresas irresponsables.",es,2026-05-05T10:14:06,other,2026-05-17T17:00:23.831186,negative,-1.0,negative,-1.0
gp_92525c25-3555-418e-9fcd-978f52ffff3d,google_play,app_es,Decathlon App (Espanha),Espanha,2.0,No me deja iniciar sesión. Sale error 404.,es,2026-05-04T17:19:25,other,2026-05-17T17:00:23.831187,negative,-1.0,negative,-1.0
gp_e097dde2-3944-4268-abf7-a0042fde85fb,google_play,app_es,Decathlon App (Espanha),Espanha,1.0,por enésima vez error al iniciar sesión con la cuenta de Google,es,2026-04-29T16:37:17,other,2026-05-17T17:00:23.831189,negative,-1.0,negative,-1.0
gp_7e0db67a-968a-441b-a13a-2bcfefabe30f,google_play,app_es,Decathlon App (Espanha),Espanha,5.0,"Muy buena app. Es intuitiva, el catálogo está bien organizado y el proceso de compra es rápido. ¡Muy recomendable!",es,2026-04-28T05:27:53,other,2026-05-17T17:00:23.831190,positive,1.0,positive,1.0
gp_e1064e08-aecc-4160-ba80-f7cfb747b169,google_play,app_es,Decathlon App (Espanha),Espanha,5.0,Es increíble la atención y productos,es,2026-04-27T18:01:13,other,2026-05-17T17:00:23.831192,positive,1.0,positive,1.0
gp_d7557a71-8240-41bd-b8a9-3bdd01a575bb,google_play,app_es,Decathlon App (Espanha),Espanha,1.0,El apartado de membresía no se sincroniza bien con las actividades. Tarda mucho en sincronizar y en muchas ocasiones no guarda los puntos. Deberían mejorar este aspecto. Aplicaciones como Strava se sincronizan en minutos.,es,2026-04-27T15:22:32,other,2026-05-17T17:00:23.831193,negative,-0.5,negative,-0.5
gp_40b9cea0-8b9c-49e6-af72-999298200f15,google_play,app_es,Decathlon App (Espanha),Espanha,5.0,"Me encanta la aplicación, la recomiendo 100x100. Es muy sencilla y fácil para buscar y comprar artículos.",es,2026-04-27T14:48:08,other,2026-05-17T17:00:23.831195,positive,1.0,positive,1.0
gp_56c8868e-18d8-488a-b447-21dd4716f286,google_play,app_es,Decathlon App (Espanha),Espanha,5.0,es demasiado deportista jjjjj,es,2026-04-27T09:41:13,other,2026-05-17T17:00:23.831197,negative,-0.5,negative,-0.5
gp_45fb82b9-f49e-4efa-b82d-87450ccf2de7,google_play,app_es,Decathlon App (Espanha),Espanha,5.0,Tienen los mejores productos y con mayor calidad,es,2026-04-27T00:58:18,other,2026-05-17T17:00:23.831198,positive,1.0,positive,1.0
gp_264bbe38-e177-4cf2-b03b-c821f9fa0362,google_play,app_es,Decathlon App (Espanha),Espanha,5.0,muy buena acumulas puntos,es,2026-04-26T22:50:05,other,2026-05-17T17:00:23.831199,positive,1.0,positive,1.0
gp_3c3edf95-3c97-4647-951f-c7e14a6fc555,google_play,app_es,Decathlon App (Espanha),Espanha,5.0,los mejor de los mejor,es,2026-04-26T14:03:54,other,2026-05-17T17:00:23.831201,positive,1.0,positive,1.0
gp_8a7d8787-8cdf-4bca-acc4-c60e3bc80f20,google_play,app_es,Decathlon App (Espanha),Espanha,3.0,"es un timo la gestión de los puntos, poco tiempo para gastarlo, nunca puedes gastarlos porque te exigen compras de 110€.... caducan muy rapido",es,2026-04-26T13:57:50,other,2026-05-17T17:00:23.831202,negative,-1.0,negative,-1.0
gp_fb37b66c-626f-46f7-9f98-2736744c850a,google_play,app_es,Decathlon App (Espanha),Espanha,5.0,"Aplicación excelente, facil de usar y con toda la información",es,2026-04-26T02:18:01,other,2026-05-17T17:00:23.831204,positive,1.0,positive,1.0
gp_f145bbaf-b6cd-4bab-90f9-c825cf1bd864,google_play,app_es,Decathlon App (Espanha),Espanha,1.0,"Las recientes condiciones de fidelidad de Decathlon suponen un claro retroceso para el consumidor. El programa ha perdido su propósito: los puntos ya no ofrecen un beneficio real. Condicionar el canje de 3€ a un gasto extra de 30€, o de 10€ a compras de 100€, es una medida desproporcionada. Constituye una doble penalización que enmascara un simple 10% de descuento bajo exigencias de consumo forzado, transformando la recompensa al cliente en una estrategia de venta inaceptable.",es,2026-04-25T18:59:57,other,2026-05-17T17:00:23.831205,negative,-1.0,negative,-1.0
gp_a4210005-9613-4a81-870c-70374a25d8e5,google_play,app_es,Decathlon App (Espanha),Espanha,5.0,"Dios bendiga a Decathlon, tienen de todo. Los quiero mucho 🫂",es,2026-04-25T01:25:24,other,2026-05-17T17:00:23.831207,positive,1.0,positive,1.0
gp_d9721ee0-b55b-403f-a856-daa2b097e616,google_play,app_es,Decathlon App (Espanha),Espanha,5.0,Excelente tienda siempre encuentro lo que necesito,es,2026-04-25T00:57:43,other,2026-05-17T17:00:23.831208,positive,1.0,positive,1.0
gp_acf3820c-3992-4c7f-9a65-0679bbafac25,google_play,app_es,Decathlon App (Espanha),Espanha,5.0,Muy útil para ver mi historial de compras.,es,2026-04-24T19:56:24,other,2026-05-17T17:00:23.831210,positive,1.0,positive,1.0
gp_cd57f494-22a6-4b96-8a9d-9e866bcb4341,google_play,app_es,Decathlon App (Espanha),Espanha,5.0,me gusta comprar por qué ay Buenos precios,es,2026-04-24T16:46:26,other,2026-05-17T17:00:23.831211,positive,0.5,positive,0.5
gp_ac99f983-fc1c-47b4-b565-2bd0e5d1d524,google_play,app_es,Decathlon App (Espanha),Espanha,5.0,maravillosa.,es,2026-04-24T13:27:41,other,2026-05-17T17:00:23.831212,positive,1.0,positive,1.0
gp_5e4e94c8-b07b-4eda-b8f0-7cc6eb9f424d,google_play,app_es,Decathlon App (Espanha),Espanha,5.0,"El trato muy bien , y bien aconsejado, sali de la tienda con una bici eléctrica, todo genial pero si cuando hay compras altas , un detalle tampoco vendría de menos ..",es,2026-04-23T10:47:21,other,2026-05-17T17:00:23.831215,positive,0.5,positive,0.5
gp_eed827a7-820a-4f5f-83ff-db3652627ae8,google_play,app_es,Decathlon App (Espanha),Espanha,5.0,todo perfecto,es,2026-04-22T14:18:53,other,2026-05-17T17:00:23.831216,positive,1.0,positive,1.0
gp_0283f122-59be-4eea-8d8b-332de6cbc522,google_play,app_es,Decathlon App (Espanha),Espanha,1.0,"Pésima experiencia. Venden productos de terceros sabiendo que están incompletos; en mi caso, un artículo que necesitaba tornillería específica y sabían de antemano que no tenían existencias de esos tornillos. Su única respuesta es que 'no es su marca' y ofrecer la devolución, pero el problema y la pérdida de tiempo te los comes tú. Se lavan las manos y te dejan colgado con un producto inservible. Además, la app es muy poco intuitiva.""",es,2026-04-22T08:13:18,other,2026-05-17T17:00:23.831218,negative,-1.0,negative,-1.0
gp_7e9bb53b-dd19-4535-bb78-6799a299f056,google_play,app_es,Decathlon App (Espanha),Espanha,5.0,excelente tienda.,es,2026-04-21T14:34:00,other,2026-05-17T17:00:23.831219,positive,1.0,positive,1.0
gp_6e648c55-9ff0-474c-be9d-2ab20cbb71f4,google_play,app_es,Decathlon App (Espanha),Espanha,5.0,"Mi experiencia ha sido muy satisfactoria , prácticamente como siempre. Tuve un problema con un reloj Coros y Laura de la tienda situada en la Maquinista y en el turno de la mañana, me atendió super bien, al final decidimos cambiar el reloj y no hubo problema ninguno. Felicito a Laura por su entrega y dedicación al intentar solucionar un problema que no tenía solución. Gracias Laura.",es,2026-04-21T06:23:57,other,2026-05-17T17:00:23.831221,positive,1.0,positive,1.0
gp_9d4f5354-fae5-49c5-8556-a8aad83323a3,google_play,app_es,Decathlon App (Espanha),Espanha,1.0,"No sube los ejercicios ni de Garmin ni de Strava, para poder sumar puntos. decepcionado",es,2026-04-20T16:53:08,other,2026-05-17T17:00:23.831222,negative,-1.0,negative,-1.0
gp_9657d3c7-b453-4b92-beb2-88dca7652a30,google_play,app_pt,Decathlon App (Portugal),Portugal,1.0,"Após fazer download e tentar fazer ""login ou criar conta"", aparece uma página de erro. Uma app que não serve para nada",pt,2026-05-16T07:12:06,other,2026-05-17T17:00:27.313969,negative,-1.0,negative,-1.0
gp_7ca57bf1-183e-406a-b4a0-d449a716e4c6,google_play,app_pt,Decathlon App (Portugal),Portugal,5.0,Boa prestação de serviços,pt,2026-05-15T03:34:31,other,2026-05-17T17:00:27.313974,positive,0.5,positive,0.5
gp_4cb89877-5afc-4757-8b32-2d54b4f979fa,google_play,app_pt,Decathlon App (Portugal),Portugal,5.0,"Bem estruturada, uso muitas vezes. Adoro as vantagens dos pontos e sincronização com o desporto que fazemos.",pt,2026-05-13T16:19:48,other,2026-05-17T17:00:27.313978,positive,0.5,positive,0.5
gp_c956ed7c-aaf0-458c-8f80-8d2930868f72,google_play,app_pt,Decathlon App (Portugal),Portugal,5.0,muito fácil,pt,2026-05-12T06:35:39,other,2026-05-17T17:00:27.313980,positive,1.0,positive,1.0
gp_e8b768b2-98ce-4c27-b010-a344a5dfea50,google_play,app_pt,Decathlon App (Portugal),Portugal,3.0,"já foi melhor. deixou de fazer a conexão ao Strava. já reiniciei a APP, o telemóvel, mas a falha continua recorrente. o que é pena porque vai contra o que anunciam do programa de pontos",pt,2026-05-11T16:45:26,other,2026-05-17T17:00:27.313983,neutral,0.0,neutral,0.0
gp_e8e312bc-311e-4c8a-aeca-b904aecfbdf6,google_play,app_pt,Decathlon App (Portugal),Portugal,1.0,"Mesmo após limpeza de cache, ou reinicialização do telemóvel, erro na aplicação persiste. Está a ocupar espaço, daí resta desinstalar.",pt,2026-05-06T19:50:48,other,2026-05-17T17:00:27.313985,negative,-0.5,negative,-0.5
gp_3940ecd7-b81f-4850-8e64-396b90822af8,google_play,app_pt,Decathlon App (Portugal),Portugal,1.0,não consigo fazer login quando tenho o Firefox como browser predefinido,pt,2026-05-06T01:00:09,other,2026-05-17T17:00:27.313988,negative,-1.0,negative,-1.0
gp_450f436b-5e5c-44c7-be41-835a845e491a,google_play,app_pt,Decathlon App (Portugal),Portugal,5.0,Muito intuitivo!,pt,2026-05-04T03:24:48,other,2026-05-17T17:00:27.313991,positive,1.0,positive,1.0
gp_b49e949a-676a-4420-a2c7-18b35e79abde,google_play,app_pt,Decathlon App (Portugal),Portugal,4.0,bem concebido,pt,2026-05-03T12:45:11,other,2026-05-17T17:00:27.313993,positive,0.5,positive,0.5
gp_6245babf-44c5-44cf-aea3-f8b9c8ae8813,google_play,app_pt,Decathlon App (Portugal),Portugal,5.0,Uma APP muito completa e intuitiva. Em destaque a possibilidade de adquirir artigos online ou na loja mais próxima. Programa de fidelidade e carteira para gestão de pontos e cartões de oferta.,pt,2026-05-01T15:20:09,other,2026-05-17T17:00:27.313996,positive,1.0,positive,1.0
gp_ff14d06a-8cfd-45bf-840c-bb67c96ec29f,google_play,app_pt,Decathlon App (Portugal),Portugal,5.0,"muito fixe, encontras de tudo",pt,2026-04-30T17:39:08,other,2026-05-17T17:00:27.313999,positive,1.0,positive,1.0
gp_7cc7933c-130f-41e5-8fd2-d0996fb70106,google_play,app_pt,Decathlon App (Portugal),Portugal,5.0,decathlon É prática e eficaz,pt,2026-04-29T17:49:00,other,2026-05-17T17:00:27.314002,positive,1.0,positive,1.0
gp_c687dea1-a536-4cf0-9784-17f5bd40423c,google_play,app_pt,Decathlon App (Portugal),Portugal,5.0,Simples e intuitiva.,pt,2026-04-26T13:44:04,other,2026-05-17T17:00:27.314004,positive,0.5,positive,0.5
gp_cbec8bef-5dc0-4dff-9c44-5286f58b7559,google_play,app_pt,Decathlon App (Portugal),Portugal,5.0,variedade de produtos com qualidade,pt,2026-04-24T21:49:27,other,2026-05-17T17:00:27.314006,positive,1.0,positive,1.0
gp_3954f0b8-c5e0-490c-85c5-f9c58d49f490,google_play,app_pt,Decathlon App (Portugal),Portugal,5.0,Muito fácil de navegar com ótimos artigos.,pt,2026-04-24T11:39:00,other,2026-05-17T17:00:27.314009,positive,1.0,positive,1.0
gp_fb7cd0ce-cb42-4bf6-99ac-06af242e0cb4,google_play,app_pt,Decathlon App (Portugal),Portugal,1.0,"Não consigo fazer log in na app e portanto não consigo usar cupões, pontos, etc... Dá um erro qualquer interno do servidor Por favor componham",pt,2026-04-24T08:48:46,other,2026-05-17T17:00:27.314011,negative,-1.0,negative,-1.0
gp_07bd1233-0667-4f35-9833-69dfe911ee21,google_play,app_pt,Decathlon App (Portugal),Portugal,5.0,"top, muito prático para as encomendas online",pt,2026-04-24T08:11:27,other,2026-05-17T17:00:27.314014,positive,1.0,positive,1.0
gp_cedbd4cb-430f-4641-84d7-dbb4aa8550be,google_play,app_pt,Decathlon App (Portugal),Portugal,5.0,o melhor app de comprar para campismo,pt,2026-04-16T06:07:51,other,2026-05-17T17:00:27.314016,positive,1.0,positive,1.0
gp_a35afe6a-eb55-4e62-aa33-d2f90290cbef,google_play,app_pt,Decathlon App (Portugal),Portugal,5.0,bons produto,pt,2026-04-14T11:56:19,other,2026-05-17T17:00:27.314019,positive,0.5,positive,0.5
gp_847376fd-14fa-4dff-a91c-a3066f837401,google_play,app_pt,Decathlon App (Portugal),Portugal,2.0,Apresenta vários problemas e funcionalidades incompletas. Organização da aplicação não está muito fácil de utilizar.,pt,2026-04-07T06:26:34,other,2026-05-17T17:00:27.314021,negative,-0.5,negative,-0.5
gp_456663d5-219b-49d4-b65e-85fa253e3fd7,google_play,app_pt,Decathlon App (Portugal),Portugal,1.0,app não funciona em todos os dispositivos.,pt,2026-04-04T11:33:27,other,2026-05-17T17:00:27.314024,negative,-1.0,negative,-1.0
gp_7317e62e-ceab-4ee0-8452-5c6c87496fac,google_play,app_pt,Decathlon App (Portugal),Portugal,5.0,"Sempre um optimo trabalho, e excelentes produtos 5* recomendo sempre",pt,2026-04-04T00:07:50,other,2026-05-17T17:00:27.314026,positive,1.0,positive,1.0
gp_16709446-215a-4f65-968f-99e6b379669e,google_play,app_pt,Decathlon App (Portugal),Portugal,5.0,Muito bom para fazer compras quando estamos longe etc,pt,2026-03-31T15:50:33,other,2026-05-17T17:00:27.314029,positive,1.0,positive,1.0
gp_406d806a-5f28-4e0c-8478-858612fc13f0,google_play,app_pt,Decathlon App (Portugal),Portugal,5.0,"Tudo o que tenho comprado, tem vindo c/a previsão indicada, método de pagamento muito fácil, mesmo com os vouchers. Super recomendo",pt,2026-03-18T11:26:13,other,2026-05-17T17:00:27.314031,positive,1.0,positive,1.0
gp_3808df3f-5ff4-425c-ab9e-8ac04773011f,google_play,app_pt,Decathlon App (Portugal),Portugal,5.0,muito bom boa descontos,pt,2026-03-08T09:46:28,other,2026-05-17T17:00:27.314034,positive,1.0,positive,1.0
gp_9bd2ff65-1bd7-40bc-9840-fe92d58e4547,google_play,app_pt,Decathlon App (Portugal),Portugal,5.0,App bem elaborado.,pt,2026-03-04T11:33:12,other,2026-05-17T17:00:27.314036,positive,0.5,positive,0.5
gp_358c4af8-ac70-4943-a389-24633b06bb9a,google_play,app_pt,Decathlon App (Portugal),Portugal,5.0,Voltaram a ter o método de pagamento via multibanco. Perfeito!!,pt,2026-02-27T09:57:42,other,2026-05-17T17:00:27.314039,positive,1.0,positive,1.0
gp_5585a7f0-a079-4590-9213-e53a7c912401,google_play,app_pt,Decathlon App (Portugal),Portugal,3.0,A aplicação não abre no ipad pro 11 m5.,pt,2026-02-26T08:35:14,other,2026-05-17T17:00:27.314042,negative,-1.0,negative,-1.0
gp_1a03bad0-97bf-41d6-b58b-500171e930cf,google_play,app_pt,Decathlon App (Portugal),Portugal,5.0,muito bom 😊,pt,2026-02-25T13:22:32,other,2026-05-17T17:00:27.314044,positive,1.0,positive,1.0
gp_89c5e4c2-d6cc-4061-bc1a-824c93b7f452,google_play,app_pt,Decathlon App (Portugal),Portugal,5.0,Melhor loja do mundo do desporto a preços acessíveis!,pt,2026-02-24T10:54:27,other,2026-05-17T17:00:27.314046,positive,1.0,positive,1.0
gp_bb9956df-82fc-4e5a-a241-97f9173d3e10,google_play,app_pt,Decathlon App (Portugal),Portugal,5.0,Bom artigo. Muita gentileza dos funcionários,pt,2026-02-20T09:36:12,other,2026-05-17T17:00:27.314049,positive,0.5,positive,0.5
gp_85f02a58-b451-4398-90a1-1962c09cbc57,google_play,app_pt,Decathlon App (Portugal),Portugal,5.0,"Variedade, qualidade e ptofissionalismo.",pt,2026-02-16T12:54:05,other,2026-05-17T17:00:27.314051,positive,1.0,positive,1.0
gp_de988edc-b031-4847-ac2a-677ff1bdd0bb,google_play,app_pt,Decathlon App (Portugal),Portugal,5.0,muita variedade,pt,2026-02-16T10:27:54,other,2026-05-17T17:00:27.314090,neutral,0.0,neutral,0.0
gp_bd46e7c5-8c42-48a0-a76f-f4625ab846b4,google_play,app_pt,Decathlon App (Portugal),Portugal,2.0,"Não se está a conseguir colocar o montante do vale. A utilização dos vales não é funcional. No processo de compra, um utilizador com log in feito tem que copiar antecipadamente os dados do cartão e o seu pin para poder utilizar um vale.",pt,2026-02-15T21:57:28,other,2026-05-17T17:00:27.314104,negative,-1.0,negative,-1.0
gp_8869811d-733b-4c06-a5de-b934c316e862,google_play,app_pt,Decathlon App (Portugal),Portugal,5.0,fácil de navegar.,pt,2026-02-14T08:07:19,other,2026-05-17T17:00:27.314108,positive,0.5,positive,0.5
gp_642b0a0b-af74-46ff-b670-917803fe9a41,google_play,app_pt,Decathlon App (Portugal),Portugal,5.0,Funciona bem,pt,2026-02-13T19:24:30,other,2026-05-17T17:00:27.314111,positive,0.5,positive,0.5
gp_2f2b0bb8-d3f5-4871-a260-9bbb10138980,google_play,app_pt,Decathlon App (Portugal),Portugal,5.0,"Excelente! Muito funcional e fácil de encontrar, o que se procura.",pt,2026-02-10T07:22:06,other,2026-05-17T17:00:27.314114,positive,1.0,positive,1.0
gp_9378eafd-9cab-4cc4-8b31-9b02db0b8af2,google_play,app_pt,Decathlon App (Portugal),Portugal,5.0,muito fácil de usar,pt,2026-02-09T18:55:06,other,2026-05-17T17:00:27.314118,positive,1.0,positive,1.0
gp_672593e4-b725-4d24-bb10-997764a3e0d1,google_play,app_pt,Decathlon App (Portugal),Portugal,4.0,"A app é muito boa para encontrar bons produtos, porém para saber mais dos ""passos"" das encomendas para ver se está ""ali ou aqui"" é uma parte que deveria ser mostrada.",pt,2026-02-08T06:31:32,other,2026-05-17T17:00:27.314120,neutral,0.0,neutral,0.0
gp_fccbe142-e537-44b4-801c-0e66ed506bab,google_play,app_pt,Decathlon App (Portugal),Portugal,3.0,não dá para ligar ao dispositivo. nem ao relógio nem à passadeira elétrica,pt,2026-02-07T07:14:04,other,2026-05-17T17:00:27.314123,negative,-1.0,negative,-1.0
gp_c388cc05-a97e-4845-9f9c-7c5e0473d530,google_play,app_pt,Decathlon App (Portugal),Portugal,1.0,a app não funciona. não abre.,pt,2026-02-04T14:53:12,other,2026-05-17T17:00:27.314126,negative,-1.0,negative,-1.0
gp_13cc1cf7-602e-4c0d-85fc-ee575c85ca3b,google_play,app_pt,Decathlon App (Portugal),Portugal,1.0,"App está fechar ao tentar pesquisar, selecionar um produto",pt,2026-02-04T13:19:02,other,2026-05-17T17:00:27.314129,negative,-1.0,negative,-1.0
gp_f08ad754-a1f2-498a-b8d7-9ad12b0ae31d,google_play,app_fr,Decathlon App (França),França,5.0,pas malle pour ne pas se déplacer et découvrir les nouveautés,fr,2026-05-16T06:03:12,other,2026-05-17T17:00:31.467041,positive,0.5,positive,0.5
gp_ddba8e67-a00a-4c86-a5a3-7dd2dc94b1b7,google_play,app_fr,Decathlon App (França),França,1.0,accès impossible sans identification,fr,2026-05-15T17:39:10,other,2026-05-17T17:00:31.467046,negative,-1.0,negative,-1.0
gp_c0f13c07-e52b-4b64-aedb-fb92d779ca3f,google_play,app_fr,Decathlon App (França),França,2.0,super j'ai perdu 300 point pour rien j’ai voulu prendre une récompense et après on me dit que je suis finalement pas éligible a la récompense alors que j'avais débloqué cet récompense,fr,2026-05-15T02:55:23,other,2026-05-17T17:00:31.467048,positive,1.0,positive,1.0
gp_54d274d3-f5f8-44f4-b316-1d51e2098dd3,google_play,app_fr,Decathlon App (França),França,5.0,incroyable,fr,2026-05-14T18:44:34,other,2026-05-17T17:00:31.467051,positive,1.0,positive,1.0
gp_11826701-739f-4969-a0fb-7e916a076bd2,google_play,app_fr,Decathlon App (França),França,3.0,"merci de m'expliquer pourquoi en Europe , je dois faire la mise à jour via l application Décathlon Canada???",fr,2026-05-14T16:59:49,other,2026-05-17T17:00:31.467054,neutral,0.0,neutral,0.0
gp_420ad444-f182-4eff-88f6-c4518ae77054,google_play,app_fr,Decathlon App (França),França,5.0,j aime bien,fr,2026-05-14T10:22:50,other,2026-05-17T17:00:31.467056,positive,0.5,positive,0.5
gp_5896e489-8afe-43f5-b7c1-ecba98d5274f,google_play,app_fr,Decathlon App (França),França,5.0,Bon chance,fr,2026-05-13T21:45:04,other,2026-05-17T17:00:31.467058,positive,0.5,positive,0.5
gp_035c71df-bde8-420f-9ace-d9f5dd642b86,google_play,app_fr,Decathlon App (França),França,5.0,je ne l'utilise pas assez à cause des mots de passe que je n'arrive toujours pas à faire les miens trop répétitif pour Google,fr,2026-05-13T13:53:52,other,2026-05-17T17:00:31.467060,negative,-0.5,negative,-0.5
gp_c13ce197-ed6a-48b4-a755-fdd8d4e5a7e9,google_play,app_fr,Decathlon App (França),França,2.0,pb sur l appli dégouté car ca fait 1 semaine que l appli ne fonctionne pas : elle me renvoie sur le site internet et me demande de me connecter. Que se passe t il ? cdlt julie,fr,2026-05-12T10:32:26,other,2026-05-17T17:00:31.467062,negative,-1.0,negative,-1.0
gp_9469f9fb-abe3-4d50-8032-34cbf2a1a7a8,google_play,app_fr,Decathlon App (França),França,1.0,j'ai été déconnectée sur l'appli du jour au lendemain et depuis j'essaie de me redonner sans succès ! erreur 404 not found,fr,2026-05-12T08:38:04,other,2026-05-17T17:00:31.467064,negative,-1.0,negative,-1.0
gp_6c0e52ce-8c13-4510-b7db-dad101f27655,google_play,app_fr,Decathlon App (França),França,2.0,odată adăugat un produs în coș nu mai poți schimba culoarea sau mărimea pantofului fără să adaugi alt produs identic și să îl ștergi pe cel vechi,fr,2026-05-12T02:44:57,other,2026-05-17T17:00:31.467066,negative,-1.0,negative,-1.0
gp_fd812cf9-07f1-4a11-83d7-695c269eb39d,google_play,app_fr,Decathlon App (França),França,5.0,très bien application,fr,2026-05-12T01:00:54,other,2026-05-17T17:00:31.467068,positive,1.0,positive,1.0
gp_1a1bc434-1b23-46fb-92cc-af6c33f7f4ac,google_play,app_fr,Decathlon App (França),França,2.0,application utilisée pendant plusieurs mois puis désinstallée car elle est moins pratique que le site . sur la fiche d'un produit il n'y a pas le lien vers les pièces détachées . lorsqu'on quitte l'application la fiche consultée n'est pas conservée. la navigation par sport et type de produit est moins intuitive.,fr,2026-05-11T16:31:11,other,2026-05-17T17:00:31.467070,negative,-0.5,negative,-0.5
gp_b31897cd-084b-414f-b9ad-a9f676fd089c,google_play,app_fr,Decathlon App (França),França,3.0,Ne synchronise qu'une fois sur trois mon appli suunto du coup les points ne sont pas pris en compte. Impossible de trouver juste les produits vendus en magasin et non vendus soit par internet ou par d'autres vendeurs. Bref,fr,2026-05-11T12:21:43,other,2026-05-17T17:00:31.467072,negative,-1.0,negative,-1.0
gp_e95fce7f-f8e9-4ff6-a075-c8a4afdaa02c,google_play,app_fr,Decathlon App (França),França,4.0,"J'aime cette application surtout pour consulter des articles, quand au nombre de points je pense qu'il faut énormément de points pour que celà soit intéressant.",fr,2026-05-11T00:56:07,other,2026-05-17T17:00:31.467074,positive,0.5,positive,0.5
gp_f6c7c6de-0c75-43b5-921b-e065e5c7fc71,google_play,app_fr,Decathlon App (França),França,5.0,rien à dire aux tops décathlon,fr,2026-05-10T20:32:23,other,2026-05-17T17:00:31.467076,positive,1.0,positive,1.0
gp_a886a4fb-0ba2-4cd5-b832-ca88d17bee96,google_play,app_fr,Decathlon App (França),França,1.0,impossible d'acceder au site ...,fr,2026-05-10T15:29:06,other,2026-05-17T17:00:31.467078,negative,-1.0,negative,-1.0
gp_525332e2-dd07-4b4b-9643-e1c4d6de94dd,google_play,app_fr,Decathlon App (França),França,1.0,"Ne fonctionne plus depuis fin avril, tous comme l'application coach. D'après les avis en ligne je ne suis clairement pas le seul. même avec mon smartphone neuf ça ne fonctionne pas.",fr,2026-05-10T09:37:37,other,2026-05-17T17:00:31.467080,negative,-1.0,negative,-1.0
gp_a4200a44-75fe-4e4b-9eae-96ee4f225570,google_play,app_fr,Decathlon App (França),França,1.0,"lorsque j'essaie de me connecter à mon compte, l'application me redirige vers un page de connexion -> erreur 404. encore une fois decathlon se révèle très décevant niveau software",fr,2026-05-10T07:58:16,other,2026-05-17T17:00:31.467082,negative,-1.0,negative,-1.0
gp_afe56e4d-2e9b-4994-b67a-2f5652df3689,google_play,app_fr,Decathlon App (França),França,1.0,Tous mes anciens achats ont disparus.,fr,2026-05-10T07:53:21,other,2026-05-17T17:00:31.467084,positive,1.0,positive,1.0
gp_5567f6f2-40ca-4bde-bb72-e4369f66732f,google_play,app_fr,Decathlon App (França),França,1.0,l'appli ne se charge plus,fr,2026-05-10T04:02:24,other,2026-05-17T17:00:31.467086,negative,-1.0,negative,-1.0
gp_fcd0d006-4b36-410e-b723-9ff21c98df85,google_play,app_fr,Decathlon App (França),França,5.0,"Super ,rien a dire",fr,2026-05-10T03:05:16,other,2026-05-17T17:00:31.467088,positive,1.0,positive,1.0
gp_a0e4b629-6816-4137-aedf-f5f0e6758d15,google_play,app_fr,Decathlon App (França),França,1.0,Erreur 404 sur l'application. Impossible d'en sortir. Réinstallation sans effet.,fr,2026-05-09T03:28:18,other,2026-05-17T17:00:31.467090,negative,-1.0,negative,-1.0
gp_9f88ed1e-4e6a-40e4-9679-ce305763d91c,google_play,app_fr,Decathlon App (França),França,3.0,Super appli facile d'utilisation tout y est !,fr,2026-05-08T18:24:56,other,2026-05-17T17:00:31.467092,positive,1.0,positive,1.0
gp_033cfbb8-cbf5-43c0-8555-26385349fdeb,google_play,app_fr,Decathlon App (França),França,5.0,Je suis tjrs satisfaite,fr,2026-05-08T15:46:29,other,2026-05-17T17:00:31.467094,positive,0.5,positive,0.5
gp_f37f99f2-b5ad-43e5-b8a1-f17fe6f1c3e0,google_play,app_fr,Decathlon App (França),França,1.0,Kein anmelden möglich mit Pixel 9. Unbrauchbar Update Fehler Beim Login erscheint Fehler 404 mit default browser Firefox Klar.,fr,2026-05-08T07:34:00,other,2026-05-17T17:00:31.467097,negative,-1.0,negative,-1.0
gp_1ed1d2c8-b46c-41ce-b57d-34f3006ac2e2,google_play,app_fr,Decathlon App (França),França,2.0,Manque de paramètres. Impossible d'effectuer un retour depuis l'application.,fr,2026-05-07T13:56:44,other,2026-05-17T17:00:31.467099,negative,-1.0,negative,-1.0
gp_797e3926-e761-4940-8c5e-3e0c4b58d36d,google_play,app_fr,Decathlon App (França),França,5.0,tout va bien avec décathlon,fr,2026-05-06T17:20:37,other,2026-05-17T17:00:31.467101,positive,1.0,positive,1.0
gp_dc008367-e6de-4708-9521-717f59084221,google_play,app_fr,Decathlon App (França),França,5.0,Chaîne majeure de produits d'entrée de gamme de qualité.,fr,2026-05-06T09:43:20,other,2026-05-17T17:00:31.467103,positive,1.0,positive,1.0
gp_7f7fbf8e-252b-4b63-a369-403b538908e6,google_play,app_fr,Decathlon App (França),França,4.0,You will find everything you need in your life and for your daily comfort,fr,2026-05-06T05:48:32,other,2026-05-17T17:00:31.467105,positive,1.0,positive,1.0
gp_124a1520-113c-46e1-9241-a3d4b0725c33,google_play,app_fr,Decathlon App (França),França,3.0,N'est plus compatible Android 9 :-( Dommage...,fr,2026-05-05T16:10:23,other,2026-05-17T17:00:31.467107,negative,-1.0,negative,-1.0
gp_dbdd1fe0-e9de-44f0-b4e2-b953722f2713,google_play,app_fr,Decathlon App (França),França,5.0,pratique quand on fait du sport avec de chouette récompense,fr,2026-05-04T11:38:49,other,2026-05-17T17:00:31.467109,positive,0.5,positive,0.5
gp_432405a3-d865-43e7-8b43-f277f9d5215b,google_play,app_fr,Decathlon App (França),França,4.0,mais j'ai un problème au programme de fidélité,fr,2026-05-04T08:35:37,other,2026-05-17T17:00:31.467111,neutral,0.0,neutral,0.0
gp_09fd9117-2f40-4623-a883-6340374ef7fc,google_play,app_fr,Decathlon App (França),França,5.0,super formidable,fr,2026-05-04T05:56:47,other,2026-05-17T17:00:31.467113,positive,1.0,positive,1.0
gp_e5e500fa-922a-4682-8f50-5b80e8219e60,google_play,app_fr,Decathlon App (França),França,5.0,simple et efficace,fr,2026-05-03T08:11:00,other,2026-05-17T17:00:31.467115,positive,1.0,positive,1.0
gp_74626331-aa19-45fa-a8a2-0f1bdd2a970b,google_play,app_fr,Decathlon App (França),França,5.0,utile et fiable !,fr,2026-05-03T03:03:32,other,2026-05-17T17:00:31.467117,positive,1.0,positive,1.0
gp_4a417407-aa82-46ba-bf77-9ae13a75f6bf,google_play,app_fr,Decathlon App (França),França,5.0,"Très pratique, plus besoin de carte",fr,2026-05-02T09:59:37,other,2026-05-17T17:00:31.467119,positive,1.0,positive,1.0
gp_c8cebccb-c5ac-46ab-8e55-8de5f0f4aeff,google_play,app_fr,Decathlon App (França),França,1.0,"envoi du code et bloqué, merci pour votre mise à jour",fr,2026-05-02T04:03:40,other,2026-05-17T17:00:31.467121,negative,-1.0,negative,-1.0
gp_059d1422-c8d2-4de6-8959-a35acca2dc42,google_play,app_fr,Decathlon App (França),França,5.0,Très bien! Merci!,fr,2026-05-01T16:23:46,other,2026-05-17T17:00:31.467123,positive,1.0,positive,1.0
gp_39d77694-f47b-47d6-8583-8dba9ae8dc91,google_play,app_fr,Decathlon App (França),França,5.0,jamais décue et facilité d'échanger.,fr,2026-05-01T13:40:09,other,2026-05-17T17:00:31.467125,positive,1.0,positive,1.0
gp_f7ba68a9-3b76-48cd-a578-5dc22ae02e13,google_play,app_fr,Decathlon App (França),França,3.0,"Bonjour, l'application est géniale on peut y trouver tous les produits que l'on peut imaginer sur la pratique sportive. Cependant depuis quelque temps je n'arrive plus à lier mon compte Decathlon et cette application. Merci de votre retour pour y remédier",fr,2026-05-01T11:55:30,other,2026-05-17T17:00:31.467127,negative,-0.5,negative,-0.5
gp_87b67dd5-f794-4c6a-b9ae-128a68d85637,google_play,app_fr,Decathlon App (França),França,4.0,Je suis content de mes produits decathlon,fr,2026-04-29T15:23:12,other,2026-05-17T17:00:31.467129,positive,1.0,positive,1.0
gp_43932a00-ec5a-46a9-91b6-1995f41b62de,google_play,app_fr,Decathlon App (França),França,1.0,L'application m'envoie vers une page 404 no found.,fr,2026-04-29T06:49:24,other,2026-05-17T17:00:31.467131,negative,-1.0,negative,-1.0
gp_00e5a352-6c60-4f18-97b9-d7553e30e016,google_play,app_fr,Decathlon App (França),França,1.0,Cela fait plusieurs mois désormais qu'il est impossible de se connecter sur cette application. Où sont les développeurs ?,fr,2026-04-29T05:01:02,other,2026-05-17T17:00:31.467133,negative,-1.0,negative,-1.0
